https://www.google.com.hk/search?q=%E8%8D%AF%E6%98%8E%E5%BA%B7%E5%BE%B7&newwindow=1&safe=strict&tbs=cdr:1,cd_min:12/13/2018,cd_max:12/14/2018,sbd:1&tbm=nws&source=lnt&sa=X&ved=0ahUKEwiv24LZr5ziAhWBErwKHSo4ATYQpwUIHQ&biw=1163&bih=560&dpr=1.65
https://www.google.com.hk/search?q=%E8%8D%AF%E6%98%8E%E5%BA%B7%E5%BE%B7&newwindow=1&safe=strict&tbs=cdr:1,cd_min:12/14/2018,cd_max:12/15/2018,sbd:1&tbm=nws&source=lnt&sa=X&ved=0ahUKEwiv24LZr5ziAhWBErwKHSo4ATYQpwUIHQ&biw=1163&bih=560&dpr=1.65
https://www.google.com.hk/search?q=%E8%8D%AF%E6%98%8E%E5%BA%B7%E5%BE%B7&newwindow=1&safe=strict&tbs=cdr:1,cd_min:12/15/2018,cd_max:12/16/2018,sbd:1&tbm=nws&source=lnt&sa=X&ved=0ahUKEwiv24LZr5ziAhWBErwKHSo4ATYQpwUIHQ&biw=1163&bih=560&dpr=1.65
https://www.google.com.hk/search?q=%E8%8D%AF%E6%98%8E%E5%BA%B7%E5%BE%B7&newwindow=1&safe=strict&tbs=cdr:1,cd_min:12/16/2018,cd_max:12/17/2018,sbd:1&tbm=nws&source=lnt&sa=X&ved=0ahUKEwiv24LZr5ziAhWBErwKHSo4ATYQpwUIHQ&biw=1163&bih=560&dpr=1.65
https://www.google.com.hk/search?q=%E8%8D%AF%E6%98%8E%E5%BA%B7%E5%BE%B7&newwindow=1&safe=strict&tbs=cdr:1,cd_min:12/17/2018,cd_max:12/18/2018,sbd:1&tbm=nws&source=lnt&sa=X&ved=0ahUKEwiv24LZr5ziAhWBErwKHSo4ATYQpwUIHQ&biw=1163&bih=560&dpr=1.65
https://www.google.com.hk/search?q=%E8%8D%AF%E6%98%8E%E5%BA%B7%E5%BE%B7&newwindow=1&safe=strict&tbs=cdr:1,cd_min:12/18/2018,cd_max:12/19/2018,sbd:1&tbm=nws&source=lnt&sa=X&ved=0ahUKEwiv24LZr5ziAhWBErwKHSo4ATYQpwUIHQ&biw=1163&bih=560&dpr=1.65
https://www.google.com.hk/search?q=%E8%8D%AF%E6%98%8E%E5%BA%B7%E5%BE%B7&newwindow=1&safe=strict&tbs=cdr:1,cd_min:12/19/2018,cd_max:12/20/2018,sbd:1&tbm=nws&source=lnt&sa=X&ved=0ahUKEwiv24LZr5ziAhWBErwKHSo4ATYQpwUIHQ&biw=1163&bih=560&dpr=1.65
https://www.google.com.hk/search?q=%E8%8D%AF%E6%98%8E%E5%BA%B7%E5%BE%B7&newwindow=1&safe=strict&tbs=cdr:1,cd_min:12/20/2018,cd_max:12/21/2018,sbd:1&tbm=nws&source=lnt&sa=X&ved=0ahUKEwiv24LZr5ziAhWBErwKHSo4ATYQpwUIHQ&biw=1163&bih=560&dpr=1.65
https://www.google.com.hk/search?q=%E8%8D%AF%E6%98%8E%E5%BA%B7%E5%BE%B7&newwindow=1&safe=strict&tbs=cdr:1,cd_min:12/21/2018,cd_max:12/22/2018,sbd:1&tbm=nws&source=lnt&sa=X&ved=0ahUKEwiv24LZr5ziAhWBErwKHSo4ATYQpwUIHQ&biw=1163&bih=560&dpr=1.65
https://www.google.com.hk/search?q=%E8%8D%AF%E6%98%8E%E5%BA%B7%E5%BE%B7&newwindow=1&safe=strict&tbs=cdr:1,cd_min:12/22/2018,cd_max:12/23/2018,sbd:1&tbm=nws&source=lnt&sa=X&ved=0ahUKEwiv24LZr5ziAhWBErwKHSo4ATYQpwUIHQ&biw=1163&bih=560&dpr=1.65
https://www.google.com.hk/search?q=%E8%8D%AF%E6%98%8E%E5%BA%B7%E5%BE%B7&newwindow=1&safe=strict&tbs=cdr:1,cd_min:12/23/2018,cd_max:12/24/2018,sbd:1&tbm=nws&source=lnt&sa=X&ved=0ahUKEwiv24LZr5ziAhWBErwKHSo4ATYQpwUIHQ&biw=1163&bih=560&dpr=1.65
https://www.google.com.hk/search?q=%E8%8D%AF%E6%98%8E%E5%BA%B7%E5%BE%B7&newwindow=1&safe=strict&tbs=cdr:1,cd_min:12/24/2018,cd_max:12/25/2018,sbd:1&tbm=nws&source=lnt&sa=X&ved=0ahUKEwiv24LZr5ziAhWBErwKHSo4ATYQpwUIHQ&biw=1163&bih=560&dpr=1.65
https://www.google.com.hk/search?q=%E8%8D%AF%E6%98%8E%E5%BA%B7%E5%BE%B7&newwindow=1&safe=strict&tbs=cdr:1,cd_min:12/25/2018,cd_max:12/26/2018,sbd:1&tbm=nws&source=lnt&sa=X&ved=0ahUKEwiv24LZr5ziAhWBErwKHSo4ATYQpwUIHQ&biw=1163&bih=560&dpr=1.65
https://www.google.com.hk/search?q=%E8%8D%AF%E6%98%8E%E5%BA%B7%E5%BE%B7&newwindow=1&safe=strict&tbs=cdr:1,cd_min:12/26/2018,cd_max:12/27/2018,sbd:1&tbm=nws&source=lnt&sa=X&ved=0ahUKEwiv24LZr5ziAhWBErwKHSo4ATYQpwUIHQ&biw=1163&bih=560&dpr=1.65
https://www.google.com.hk/search?q=%E8%8D%AF%E6%98%8E%E5%BA%B7%E5%BE%B7&newwindow=1&safe=strict&tbs=cdr:1,cd_min:12/27/2018,cd_max:12/28/2018,sbd:1&tbm=nws&source=lnt&sa=X&ved=0ahUKEwiv24LZr5ziAhWBErwKHSo4ATYQpwUIHQ&biw=1163&bih=560&dpr=1.65
https://www.google.com.hk/search?q=%E8%8D%AF%E6%98%8E%E5%BA%B7%E5%BE%B7&newwindow=1&safe=strict&tbs=cdr:1,cd_min:12/28/2018,cd_max:12/29/2018,sbd:1&tbm=nws&source=lnt&sa=X&ved=0ahUKEwiv24LZr5ziAhWBErwKHSo4ATYQpwUIHQ&biw=1163&bih=560&dpr=1.65
https://www.google.com.hk/search?q=%E8%8D%AF%E6%98%8E%E5%BA%B7%E5%BE%B7&newwindow=1&safe=strict&tbs=cdr:1,cd_min:12/29/2018,cd_max:12/30/2018,sbd:1&tbm=nws&source=lnt&sa=X&ved=0ahUKEwiv24LZr5ziAhWBErwKHSo4ATYQpwUIHQ&biw=1163&bih=560&dpr=1.65
https://www.google.com.hk/search?q=%E8%8D%AF%E6%98%8E%E5%BA%B7%E5%BE%B7&newwindow=1&safe=strict&tbs=cdr:1,cd_min:12/30/2018,cd_max:12/31/2018,sbd:1&tbm=nws&source=lnt&sa=X&ved=0ahUKEwiv24LZr5ziAhWBErwKHSo4ATYQpwUIHQ&biw=1163&bih=560&dpr=1.65
https://www.google.com.hk/search?q=%E8%8D%AF%E6%98%8E%E5%BA%B7%E5%BE%B7&newwindow=1&safe=strict&tbs=cdr:1,cd_min:12/31/2018,cd_max:01/01/2019,sbd:1&tbm=nws&source=lnt&sa=X&ved=0ahUKEwiv24LZr5ziAhWBErwKHSo4ATYQpwUIHQ&biw=1163&bih=560&dpr=1.65
https://www.google.com.hk/search?q=%E8%8D%AF%E6%98%8E%E5%BA%B7%E5%BE%B7&newwindow=1&safe=strict&tbs=cdr:1,cd_min:01/01/2019,cd_max:01/02/2019,sbd:1&tbm=nws&source=lnt&sa=X&ved=0ahUKEwiv24LZr5ziAhWBErwKHSo4ATYQpwUIHQ&biw=1163&bih=560&dpr=1.65
https://www.google.com.hk/search?q=%E8%8D%AF%E6%98%8E%E5%BA%B7%E5%BE%B7&newwindow=1&safe=strict&tbs=cdr:1,cd_min:01/02/2019,cd_max:01/03/2019,sbd:1&tbm=nws&source=lnt&sa=X&ved=0ahUKEwiv24LZr5ziAhWBErwKHSo4ATYQpwUIHQ&biw=1163&bih=560&dpr=1.65
https://www.google.com.hk/search?q=%E8%8D%AF%E6%98%8E%E5%BA%B7%E5%BE%B7&newwindow=1&safe=strict&tbs=cdr:1,cd_min:01/03/2019,cd_max:01/04/2019,sbd:1&tbm=nws&source=lnt&sa=X&ved=0ahUKEwiv24LZr5ziAhWBErwKHSo4ATYQpwUIHQ&biw=1163&bih=560&dpr=1.65
https://www.google.com.hk/search?q=%E8%8D%AF%E6%98%8E%E5%BA%B7%E5%BE%B7&newwindow=1&safe=strict&tbs=cdr:1,cd_min:01/04/2019,cd_max:01/05/2019,sbd:1&tbm=nws&source=lnt&sa=X&ved=0ahUKEwiv24LZr5ziAhWBErwKHSo4ATYQpwUIHQ&biw=1163&bih=560&dpr=1.65
https://www.google.com.hk/search?q=%E8%8D%AF%E6%98%8E%E5%BA%B7%E5%BE%B7&newwindow=1&safe=strict&tbs=cdr:1,cd_min:01/05/2019,cd_max:01/06/2019,sbd:1&tbm=nws&source=lnt&sa=X&ved=0ahUKEwiv24LZr5ziAhWBErwKHSo4ATYQpwUIHQ&biw=1163&bih=560&dpr=1.65
https://www.google.com.hk/search?q=%E8%8D%AF%E6%98%8E%E5%BA%B7%E5%BE%B7&newwindow=1&safe=strict&tbs=cdr:1,cd_min:01/06/2019,cd_max:01/07/2019,sbd:1&tbm=nws&source=lnt&sa=X&ved=0ahUKEwiv24LZr5ziAhWBErwKHSo4ATYQpwUIHQ&biw=1163&bih=560&dpr=1.65
https://www.google.com.hk/search?q=%E8%8D%AF%E6%98%8E%E5%BA%B7%E5%BE%B7&newwindow=1&safe=strict&tbs=cdr:1,cd_min:01/07/2019,cd_max:01/08/2019,sbd:1&tbm=nws&source=lnt&sa=X&ved=0ahUKEwiv24LZr5ziAhWBErwKHSo4ATYQpwUIHQ&biw=1163&bih=560&dpr=1.65
https://www.google.com.hk/search?q=%E8%8D%AF%E6%98%8E%E5%BA%B7%E5%BE%B7&newwindow=1&safe=strict&tbs=cdr:1,cd_min:01/08/2019,cd_max:01/09/2019,sbd:1&tbm=nws&source=lnt&sa=X&ved=0ahUKEwiv24LZr5ziAhWBErwKHSo4ATYQpwUIHQ&biw=1163&bih=560&dpr=1.65
https://www.google.com.hk/search?q=%E8%8D%AF%E6%98%8E%E5%BA%B7%E5%BE%B7&newwindow=1&safe=strict&tbs=cdr:1,cd_min:01/09/2019,cd_max:01/10/2019,sbd:1&tbm=nws&source=lnt&sa=X&ved=0ahUKEwiv24LZr5ziAhWBErwKHSo4ATYQpwUIHQ&biw=1163&bih=560&dpr=1.65
https://www.google.com.hk/search?q=%E8%8D%AF%E6%98%8E%E5%BA%B7%E5%BE%B7&newwindow=1&safe=strict&tbs=cdr:1,cd_min:01/10/2019,cd_max:01/11/2019,sbd:1&tbm=nws&source=lnt&sa=X&ved=0ahUKEwiv24LZr5ziAhWBErwKHSo4ATYQpwUIHQ&biw=1163&bih=560&dpr=1.65
https://www.google.com.hk/search?q=%E8%8D%AF%E6%98%8E%E5%BA%B7%E5%BE%B7&newwindow=1&safe=strict&tbs=cdr:1,cd_min:01/11/2019,cd_max:01/12/2019,sbd:1&tbm=nws&source=lnt&sa=X&ved=0ahUKEwiv24LZr5ziAhWBErwKHSo4ATYQpwUIHQ&biw=1163&bih=560&dpr=1.65
https://www.google.com.hk/search?q=%E8%8D%AF%E6%98%8E%E5%BA%B7%E5%BE%B7&newwindow=1&safe=strict&tbs=cdr:1,cd_min:01/12/2019,cd_max:01/13/2019,sbd:1&tbm=nws&source=lnt&sa=X&ved=0ahUKEwiv24LZr5ziAhWBErwKHSo4ATYQpwUIHQ&biw=1163&bih=560&dpr=1.65
https://www.google.com.hk/search?q=%E8%8D%AF%E6%98%8E%E5%BA%B7%E5%BE%B7&newwindow=1&safe=strict&tbs=cdr:1,cd_min:01/13/2019,cd_max:01/14/2019,sbd:1&tbm=nws&source=lnt&sa=X&ved=0ahUKEwiv24LZr5ziAhWBErwKHSo4ATYQpwUIHQ&biw=1163&bih=560&dpr=1.65
https://www.google.com.hk/search?q=%E8%8D%AF%E6%98%8E%E5%BA%B7%E5%BE%B7&newwindow=1&safe=strict&tbs=cdr:1,cd_min:01/14/2019,cd_max:01/15/2019,sbd:1&tbm=nws&source=lnt&sa=X&ved=0ahUKEwiv24LZr5ziAhWBErwKHSo4ATYQpwUIHQ&biw=1163&bih=560&dpr=1.65
https://www.google.com.hk/search?q=%E8%8D%AF%E6%98%8E%E5%BA%B7%E5%BE%B7&newwindow=1&safe=strict&tbs=cdr:1,cd_min:01/15/2019,cd_max:01/16/2019,sbd:1&tbm=nws&source=lnt&sa=X&ved=0ahUKEwiv24LZr5ziAhWBErwKHSo4ATYQpwUIHQ&biw=1163&bih=560&dpr=1.65
https://www.google.com.hk/search?q=%E8%8D%AF%E6%98%8E%E5%BA%B7%E5%BE%B7&newwindow=1&safe=strict&tbs=cdr:1,cd_min:01/16/2019,cd_max:01/17/2019,sbd:1&tbm=nws&source=lnt&sa=X&ved=0ahUKEwiv24LZr5ziAhWBErwKHSo4ATYQpwUIHQ&biw=1163&bih=560&dpr=1.65
https://www.google.com.hk/search?q=%E8%8D%AF%E6%98%8E%E5%BA%B7%E5%BE%B7&newwindow=1&safe=strict&tbs=cdr:1,cd_min:01/17/2019,cd_max:01/18/2019,sbd:1&tbm=nws&source=lnt&sa=X&ved=0ahUKEwiv24LZr5ziAhWBErwKHSo4ATYQpwUIHQ&biw=1163&bih=560&dpr=1.65
https://www.google.com.hk/search?q=%E8%8D%AF%E6%98%8E%E5%BA%B7%E5%BE%B7&newwindow=1&safe=strict&tbs=cdr:1,cd_min:01/18/2019,cd_max:01/19/2019,sbd:1&tbm=nws&source=lnt&sa=X&ved=0ahUKEwiv24LZr5ziAhWBErwKHSo4ATYQpwUIHQ&biw=1163&bih=560&dpr=1.65
https://www.google.com.hk/search?q=%E8%8D%AF%E6%98%8E%E5%BA%B7%E5%BE%B7&newwindow=1&safe=strict&tbs=cdr:1,cd_min:01/19/2019,cd_max:01/20/2019,sbd:1&tbm=nws&source=lnt&sa=X&ved=0ahUKEwiv24LZr5ziAhWBErwKHSo4ATYQpwUIHQ&biw=1163&bih=560&dpr=1.65
https://www.google.com.hk/search?q=%E8%8D%AF%E6%98%8E%E5%BA%B7%E5%BE%B7&newwindow=1&safe=strict&tbs=cdr:1,cd_min:01/20/2019,cd_max:01/21/2019,sbd:1&tbm=nws&source=lnt&sa=X&ved=0ahUKEwiv24LZr5ziAhWBErwKHSo4ATYQpwUIHQ&biw=1163&bih=560&dpr=1.65
https://www.google.com.hk/search?q=%E8%8D%AF%E6%98%8E%E5%BA%B7%E5%BE%B7&newwindow=1&safe=strict&tbs=cdr:1,cd_min:01/21/2019,cd_max:01/22/2019,sbd:1&tbm=nws&source=lnt&sa=X&ved=0ahUKEwiv24LZr5ziAhWBErwKHSo4ATYQpwUIHQ&biw=1163&bih=560&dpr=1.65
https://www.google.com.hk/search?q=%E8%8D%AF%E6%98%8E%E5%BA%B7%E5%BE%B7&newwindow=1&safe=strict&tbs=cdr:1,cd_min:01/22/2019,cd_max:01/23/2019,sbd:1&tbm=nws&source=lnt&sa=X&ved=0ahUKEwiv24LZr5ziAhWBErwKHSo4ATYQpwUIHQ&biw=1163&bih=560&dpr=1.65
https://www.google.com.hk/search?q=%E8%8D%AF%E6%98%8E%E5%BA%B7%E5%BE%B7&newwindow=1&safe=strict&tbs=cdr:1,cd_min:01/23/2019,cd_max:01/24/2019,sbd:1&tbm=nws&source=lnt&sa=X&ved=0ahUKEwiv24LZr5ziAhWBErwKHSo4ATYQpwUIHQ&biw=1163&bih=560&dpr=1.65
https://www.google.com.hk/search?q=%E8%8D%AF%E6%98%8E%E5%BA%B7%E5%BE%B7&newwindow=1&safe=strict&tbs=cdr:1,cd_min:01/24/2019,cd_max:01/25/2019,sbd:1&tbm=nws&source=lnt&sa=X&ved=0ahUKEwiv24LZr5ziAhWBErwKHSo4ATYQpwUIHQ&biw=1163&bih=560&dpr=1.65
https://www.google.com.hk/search?q=%E8%8D%AF%E6%98%8E%E5%BA%B7%E5%BE%B7&newwindow=1&safe=strict&tbs=cdr:1,cd_min:01/25/2019,cd_max:01/26/2019,sbd:1&tbm=nws&source=lnt&sa=X&ved=0ahUKEwiv24LZr5ziAhWBErwKHSo4ATYQpwUIHQ&biw=1163&bih=560&dpr=1.65
https://www.google.com.hk/search?q=%E8%8D%AF%E6%98%8E%E5%BA%B7%E5%BE%B7&newwindow=1&safe=strict&tbs=cdr:1,cd_min:01/26/2019,cd_max:01/27/2019,sbd:1&tbm=nws&source=lnt&sa=X&ved=0ahUKEwiv24LZr5ziAhWBErwKHSo4ATYQpwUIHQ&biw=1163&bih=560&dpr=1.65
https://www.google.com.hk/search?q=%E8%8D%AF%E6%98%8E%E5%BA%B7%E5%BE%B7&newwindow=1&safe=strict&tbs=cdr:1,cd_min:01/27/2019,cd_max:01/28/2019,sbd:1&tbm=nws&source=lnt&sa=X&ved=0ahUKEwiv24LZr5ziAhWBErwKHSo4ATYQpwUIHQ&biw=1163&bih=560&dpr=1.65
https://www.google.com.hk/search?q=%E8%8D%AF%E6%98%8E%E5%BA%B7%E5%BE%B7&newwindow=1&safe=strict&tbs=cdr:1,cd_min:01/28/2019,cd_max:01/29/2019,sbd:1&tbm=nws&source=lnt&sa=X&ved=0ahUKEwiv24LZr5ziAhWBErwKHSo4ATYQpwUIHQ&biw=1163&bih=560&dpr=1.65
https://www.google.com.hk/search?q=%E8%8D%AF%E6%98%8E%E5%BA%B7%E5%BE%B7&newwindow=1&safe=strict&tbs=cdr:1,cd_min:01/29/2019,cd_max:01/30/2019,sbd:1&tbm=nws&source=lnt&sa=X&ved=0ahUKEwiv24LZr5ziAhWBErwKHSo4ATYQpwUIHQ&biw=1163&bih=560&dpr=1.65
https://www.google.com.hk/search?q=%E8%8D%AF%E6%98%8E%E5%BA%B7%E5%BE%B7&newwindow=1&safe=strict&tbs=cdr:1,cd_min:01/30/2019,cd_max:01/31/2019,sbd:1&tbm=nws&source=lnt&sa=X&ved=0ahUKEwiv24LZr5ziAhWBErwKHSo4ATYQpwUIHQ&biw=1163&bih=560&dpr=1.65
https://www.google.com.hk/search?q=%E8%8D%AF%E6%98%8E%E5%BA%B7%E5%BE%B7&newwindow=1&safe=strict&tbs=cdr:1,cd_min:01/31/2019,cd_max:02/01/2019,sbd:1&tbm=nws&source=lnt&sa=X&ved=0ahUKEwiv24LZr5ziAhWBErwKHSo4ATYQpwUIHQ&biw=1163&bih=560&dpr=1.65
https://www.google.com.hk/search?q=%E8%8D%AF%E6%98%8E%E5%BA%B7%E5%BE%B7&newwindow=1&safe=strict&tbs=cdr:1,cd_min:02/01/2019,cd_max:02/02/2019,sbd:1&tbm=nws&source=lnt&sa=X&ved=0ahUKEwiv24LZr5ziAhWBErwKHSo4ATYQpwUIHQ&biw=1163&bih=560&dpr=1.65
https://www.google.com.hk/search?q=%E8%8D%AF%E6%98%8E%E5%BA%B7%E5%BE%B7&newwindow=1&safe=strict&tbs=cdr:1,cd_min:02/02/2019,cd_max:02/03/2019,sbd:1&tbm=nws&source=lnt&sa=X&ved=0ahUKEwiv24LZr5ziAhWBErwKHSo4ATYQpwUIHQ&biw=1163&bih=560&dpr=1.65
https://www.google.com.hk/search?q=%E8%8D%AF%E6%98%8E%E5%BA%B7%E5%BE%B7&newwindow=1&safe=strict&tbs=cdr:1,cd_min:02/03/2019,cd_max:02/04/2019,sbd:1&tbm=nws&source=lnt&sa=X&ved=0ahUKEwiv24LZr5ziAhWBErwKHSo4ATYQpwUIHQ&biw=1163&bih=560&dpr=1.65
https://www.google.com.hk/search?q=%E8%8D%AF%E6%98%8E%E5%BA%B7%E5%BE%B7&newwindow=1&safe=strict&tbs=cdr:1,cd_min:02/04/2019,cd_max:02/05/2019,sbd:1&tbm=nws&source=lnt&sa=X&ved=0ahUKEwiv24LZr5ziAhWBErwKHSo4ATYQpwUIHQ&biw=1163&bih=560&dpr=1.65
https://www.google.com.hk/search?q=%E8%8D%AF%E6%98%8E%E5%BA%B7%E5%BE%B7&newwindow=1&safe=strict&tbs=cdr:1,cd_min:02/05/2019,cd_max:02/06/2019,sbd:1&tbm=nws&source=lnt&sa=X&ved=0ahUKEwiv24LZr5ziAhWBErwKHSo4ATYQpwUIHQ&biw=1163&bih=560&dpr=1.65
https://www.google.com.hk/search?q=%E8%8D%AF%E6%98%8E%E5%BA%B7%E5%BE%B7&newwindow=1&safe=strict&tbs=cdr:1,cd_min:02/06/2019,cd_max:02/07/2019,sbd:1&tbm=nws&source=lnt&sa=X&ved=0ahUKEwiv24LZr5ziAhWBErwKHSo4ATYQpwUIHQ&biw=1163&bih=560&dpr=1.65
https://www.google.com.hk/search?q=%E8%8D%AF%E6%98%8E%E5%BA%B7%E5%BE%B7&newwindow=1&safe=strict&tbs=cdr:1,cd_min:02/07/2019,cd_max:02/08/2019,sbd:1&tbm=nws&source=lnt&sa=X&ved=0ahUKEwiv24LZr5ziAhWBErwKHSo4ATYQpwUIHQ&biw=1163&bih=560&dpr=1.65
https://www.google.com.hk/search?q=%E8%8D%AF%E6%98%8E%E5%BA%B7%E5%BE%B7&newwindow=1&safe=strict&tbs=cdr:1,cd_min:02/08/2019,cd_max:02/09/2019,sbd:1&tbm=nws&source=lnt&sa=X&ved=0ahUKEwiv24LZr5ziAhWBErwKHSo4ATYQpwUIHQ&biw=1163&bih=560&dpr=1.65
https://www.google.com.hk/search?q=%E8%8D%AF%E6%98%8E%E5%BA%B7%E5%BE%B7&newwindow=1&safe=strict&tbs=cdr:1,cd_min:02/09/2019,cd_max:02/10/2019,sbd:1&tbm=nws&source=lnt&sa=X&ved=0ahUKEwiv24LZr5ziAhWBErwKHSo4ATYQpwUIHQ&biw=1163&bih=560&dpr=1.65
https://www.google.com.hk/search?q=%E8%8D%AF%E6%98%8E%E5%BA%B7%E5%BE%B7&newwindow=1&safe=strict&tbs=cdr:1,cd_min:02/10/2019,cd_max:02/11/2019,sbd:1&tbm=nws&source=lnt&sa=X&ved=0ahUKEwiv24LZr5ziAhWBErwKHSo4ATYQpwUIHQ&biw=1163&bih=560&dpr=1.65
https://www.google.com.hk/search?q=%E8%8D%AF%E6%98%8E%E5%BA%B7%E5%BE%B7&newwindow=1&safe=strict&tbs=cdr:1,cd_min:02/11/2019,cd_max:02/12/2019,sbd:1&tbm=nws&source=lnt&sa=X&ved=0ahUKEwiv24LZr5ziAhWBErwKHSo4ATYQpwUIHQ&biw=1163&bih=560&dpr=1.65
https://www.google.com.hk/search?q=%E8%8D%AF%E6%98%8E%E5%BA%B7%E5%BE%B7&newwindow=1&safe=strict&tbs=cdr:1,cd_min:02/12/2019,cd_max:02/13/2019,sbd:1&tbm=nws&source=lnt&sa=X&ved=0ahUKEwiv24LZr5ziAhWBErwKHSo4ATYQpwUIHQ&biw=1163&bih=560&dpr=1.65
https://www.google.com.hk/search?q=%E8%8D%AF%E6%98%8E%E5%BA%B7%E5%BE%B7&newwindow=1&safe=strict&tbs=cdr:1,cd_min:02/13/2019,cd_max:02/14/2019,sbd:1&tbm=nws&source=lnt&sa=X&ved=0ahUKEwiv24LZr5ziAhWBErwKHSo4ATYQpwUIHQ&biw=1163&bih=560&dpr=1.65
https://www.google.com.hk/search?q=%E8%8D%AF%E6%98%8E%E5%BA%B7%E5%BE%B7&newwindow=1&safe=strict&tbs=cdr:1,cd_min:02/14/2019,cd_max:02/15/2019,sbd:1&tbm=nws&source=lnt&sa=X&ved=0ahUKEwiv24LZr5ziAhWBErwKHSo4ATYQpwUIHQ&biw=1163&bih=560&dpr=1.65
https://www.google.com.hk/search?q=%E8%8D%AF%E6%98%8E%E5%BA%B7%E5%BE%B7&newwindow=1&safe=strict&tbs=cdr:1,cd_min:02/15/2019,cd_max:02/16/2019,sbd:1&tbm=nws&source=lnt&sa=X&ved=0ahUKEwiv24LZr5ziAhWBErwKHSo4ATYQpwUIHQ&biw=1163&bih=560&dpr=1.65
https://www.google.com.hk/search?q=%E8%8D%AF%E6%98%8E%E5%BA%B7%E5%BE%B7&newwindow=1&safe=strict&tbs=cdr:1,cd_min:02/16/2019,cd_max:02/17/2019,sbd:1&tbm=nws&source=lnt&sa=X&ved=0ahUKEwiv24LZr5ziAhWBErwKHSo4ATYQpwUIHQ&biw=1163&bih=560&dpr=1.65
https://www.google.com.hk/search?q=%E8%8D%AF%E6%98%8E%E5%BA%B7%E5%BE%B7&newwindow=1&safe=strict&tbs=cdr:1,cd_min:02/17/2019,cd_max:02/18/2019,sbd:1&tbm=nws&source=lnt&sa=X&ved=0ahUKEwiv24LZr5ziAhWBErwKHSo4ATYQpwUIHQ&biw=1163&bih=560&dpr=1.65
https://www.google.com.hk/search?q=%E8%8D%AF%E6%98%8E%E5%BA%B7%E5%BE%B7&newwindow=1&safe=strict&tbs=cdr:1,cd_min:02/18/2019,cd_max:02/19/2019,sbd:1&tbm=nws&source=lnt&sa=X&ved=0ahUKEwiv24LZr5ziAhWBErwKHSo4ATYQpwUIHQ&biw=1163&bih=560&dpr=1.65
https://www.google.com.hk/search?q=%E8%8D%AF%E6%98%8E%E5%BA%B7%E5%BE%B7&newwindow=1&safe=strict&tbs=cdr:1,cd_min:02/19/2019,cd_max:02/20/2019,sbd:1&tbm=nws&source=lnt&sa=X&ved=0ahUKEwiv24LZr5ziAhWBErwKHSo4ATYQpwUIHQ&biw=1163&bih=560&dpr=1.65
https://www.google.com.hk/search?q=%E8%8D%AF%E6%98%8E%E5%BA%B7%E5%BE%B7&newwindow=1&safe=strict&tbs=cdr:1,cd_min:02/20/2019,cd_max:02/21/2019,sbd:1&tbm=nws&source=lnt&sa=X&ved=0ahUKEwiv24LZr5ziAhWBErwKHSo4ATYQpwUIHQ&biw=1163&bih=560&dpr=1.65
https://www.google.com.hk/search?q=%E8%8D%AF%E6%98%8E%E5%BA%B7%E5%BE%B7&newwindow=1&safe=strict&tbs=cdr:1,cd_min:02/21/2019,cd_max:02/22/2019,sbd:1&tbm=nws&source=lnt&sa=X&ved=0ahUKEwiv24LZr5ziAhWBErwKHSo4ATYQpwUIHQ&biw=1163&bih=560&dpr=1.65
https://www.google.com.hk/search?q=%E8%8D%AF%E6%98%8E%E5%BA%B7%E5%BE%B7&newwindow=1&safe=strict&tbs=cdr:1,cd_min:02/22/2019,cd_max:02/23/2019,sbd:1&tbm=nws&source=lnt&sa=X&ved=0ahUKEwiv24LZr5ziAhWBErwKHSo4ATYQpwUIHQ&biw=1163&bih=560&dpr=1.65
https://www.google.com.hk/search?q=%E8%8D%AF%E6%98%8E%E5%BA%B7%E5%BE%B7&newwindow=1&safe=strict&tbs=cdr:1,cd_min:02/23/2019,cd_max:02/24/2019,sbd:1&tbm=nws&source=lnt&sa=X&ved=0ahUKEwiv24LZr5ziAhWBErwKHSo4ATYQpwUIHQ&biw=1163&bih=560&dpr=1.65
https://www.google.com.hk/search?q=%E8%8D%AF%E6%98%8E%E5%BA%B7%E5%BE%B7&newwindow=1&safe=strict&tbs=cdr:1,cd_min:02/24/2019,cd_max:02/25/2019,sbd:1&tbm=nws&source=lnt&sa=X&ved=0ahUKEwiv24LZr5ziAhWBErwKHSo4ATYQpwUIHQ&biw=1163&bih=560&dpr=1.65
https://www.google.com.hk/search?q=%E8%8D%AF%E6%98%8E%E5%BA%B7%E5%BE%B7&newwindow=1&safe=strict&tbs=cdr:1,cd_min:02/25/2019,cd_max:02/26/2019,sbd:1&tbm=nws&source=lnt&sa=X&ved=0ahUKEwiv24LZr5ziAhWBErwKHSo4ATYQpwUIHQ&biw=1163&bih=560&dpr=1.65
https://www.google.com.hk/search?q=%E8%8D%AF%E6%98%8E%E5%BA%B7%E5%BE%B7&newwindow=1&safe=strict&tbs=cdr:1,cd_min:02/26/2019,cd_max:02/27/2019,sbd:1&tbm=nws&source=lnt&sa=X&ved=0ahUKEwiv24LZr5ziAhWBErwKHSo4ATYQpwUIHQ&biw=1163&bih=560&dpr=1.65
https://www.google.com.hk/search?q=%E8%8D%AF%E6%98%8E%E5%BA%B7%E5%BE%B7&newwindow=1&safe=strict&tbs=cdr:1,cd_min:02/27/2019,cd_max:02/28/2019,sbd:1&tbm=nws&source=lnt&sa=X&ved=0ahUKEwiv24LZr5ziAhWBErwKHSo4ATYQpwUIHQ&biw=1163&bih=560&dpr=1.65
https://www.google.com.hk/search?q=%E8%8D%AF%E6%98%8E%E5%BA%B7%E5%BE%B7&newwindow=1&safe=strict&tbs=cdr:1,cd_min:02/28/2019,cd_max:03/01/2019,sbd:1&tbm=nws&source=lnt&sa=X&ved=0ahUKEwiv24LZr5ziAhWBErwKHSo4ATYQpwUIHQ&biw=1163&bih=560&dpr=1.65
https://www.google.com.hk/search?q=%E8%8D%AF%E6%98%8E%E5%BA%B7%E5%BE%B7&newwindow=1&safe=strict&tbs=cdr:1,cd_min:03/01/2019,cd_max:03/02/2019,sbd:1&tbm=nws&source=lnt&sa=X&ved=0ahUKEwiv24LZr5ziAhWBErwKHSo4ATYQpwUIHQ&biw=1163&bih=560&dpr=1.65
https://www.google.com.hk/search?q=%E8%8D%AF%E6%98%8E%E5%BA%B7%E5%BE%B7&newwindow=1&safe=strict&tbs=cdr:1,cd_min:03/02/2019,cd_max:03/03/2019,sbd:1&tbm=nws&source=lnt&sa=X&ved=0ahUKEwiv24LZr5ziAhWBErwKHSo4ATYQpwUIHQ&biw=1163&bih=560&dpr=1.65
https://www.google.com.hk/search?q=%E8%8D%AF%E6%98%8E%E5%BA%B7%E5%BE%B7&newwindow=1&safe=strict&tbs=cdr:1,cd_min:03/03/2019,cd_max:03/04/2019,sbd:1&tbm=nws&source=lnt&sa=X&ved=0ahUKEwiv24LZr5ziAhWBErwKHSo4ATYQpwUIHQ&biw=1163&bih=560&dpr=1.65
https://www.google.com.hk/search?q=%E8%8D%AF%E6%98%8E%E5%BA%B7%E5%BE%B7&newwindow=1&safe=strict&tbs=cdr:1,cd_min:03/04/2019,cd_max:03/05/2019,sbd:1&tbm=nws&source=lnt&sa=X&ved=0ahUKEwiv24LZr5ziAhWBErwKHSo4ATYQpwUIHQ&biw=1163&bih=560&dpr=1.65
https://www.google.com.hk/search?q=%E8%8D%AF%E6%98%8E%E5%BA%B7%E5%BE%B7&newwindow=1&safe=strict&tbs=cdr:1,cd_min:03/05/2019,cd_max:03/06/2019,sbd:1&tbm=nws&source=lnt&sa=X&ved=0ahUKEwiv24LZr5ziAhWBErwKHSo4ATYQpwUIHQ&biw=1163&bih=560&dpr=1.65
https://www.google.com.hk/search?q=%E8%8D%AF%E6%98%8E%E5%BA%B7%E5%BE%B7&newwindow=1&safe=strict&tbs=cdr:1,cd_min:03/06/2019,cd_max:03/07/2019,sbd:1&tbm=nws&source=lnt&sa=X&ved=0ahUKEwiv24LZr5ziAhWBErwKHSo4ATYQpwUIHQ&biw=1163&bih=560&dpr=1.65
https://www.google.com.hk/search?q=%E8%8D%AF%E6%98%8E%E5%BA%B7%E5%BE%B7&newwindow=1&safe=strict&tbs=cdr:1,cd_min:03/07/2019,cd_max:03/08/2019,sbd:1&tbm=nws&source=lnt&sa=X&ved=0ahUKEwiv24LZr5ziAhWBErwKHSo4ATYQpwUIHQ&biw=1163&bih=560&dpr=1.65
https://www.google.com.hk/search?q=%E8%8D%AF%E6%98%8E%E5%BA%B7%E5%BE%B7&newwindow=1&safe=strict&tbs=cdr:1,cd_min:03/08/2019,cd_max:03/09/2019,sbd:1&tbm=nws&source=lnt&sa=X&ved=0ahUKEwiv24LZr5ziAhWBErwKHSo4ATYQpwUIHQ&biw=1163&bih=560&dpr=1.65
https://www.google.com.hk/search?q=%E8%8D%AF%E6%98%8E%E5%BA%B7%E5%BE%B7&newwindow=1&safe=strict&tbs=cdr:1,cd_min:03/09/2019,cd_max:03/10/2019,sbd:1&tbm=nws&source=lnt&sa=X&ved=0ahUKEwiv24LZr5ziAhWBErwKHSo4ATYQpwUIHQ&biw=1163&bih=560&dpr=1.65
https://www.google.com.hk/search?q=%E8%8D%AF%E6%98%8E%E5%BA%B7%E5%BE%B7&newwindow=1&safe=strict&tbs=cdr:1,cd_min:03/10/2019,cd_max:03/11/2019,sbd:1&tbm=nws&source=lnt&sa=X&ved=0ahUKEwiv24LZr5ziAhWBErwKHSo4ATYQpwUIHQ&biw=1163&bih=560&dpr=1.65
https://www.google.com.hk/search?q=%E8%8D%AF%E6%98%8E%E5%BA%B7%E5%BE%B7&newwindow=1&safe=strict&tbs=cdr:1,cd_min:03/11/2019,cd_max:03/12/2019,sbd:1&tbm=nws&source=lnt&sa=X&ved=0ahUKEwiv24LZr5ziAhWBErwKHSo4ATYQpwUIHQ&biw=1163&bih=560&dpr=1.65
https://www.google.com.hk/search?q=%E8%8D%AF%E6%98%8E%E5%BA%B7%E5%BE%B7&newwindow=1&safe=strict&tbs=cdr:1,cd_min:03/12/2019,cd_max:03/13/2019,sbd:1&tbm=nws&source=lnt&sa=X&ved=0ahUKEwiv24LZr5ziAhWBErwKHSo4ATYQpwUIHQ&biw=1163&bih=560&dpr=1.65
https://www.google.com.hk/search?q=%E8%8D%AF%E6%98%8E%E5%BA%B7%E5%BE%B7&newwindow=1&safe=strict&tbs=cdr:1,cd_min:03/13/2019,cd_max:03/14/2019,sbd:1&tbm=nws&source=lnt&sa=X&ved=0ahUKEwiv24LZr5ziAhWBErwKHSo4ATYQpwUIHQ&biw=1163&bih=560&dpr=1.65
https://www.google.com.hk/search?q=%E8%8D%AF%E6%98%8E%E5%BA%B7%E5%BE%B7&newwindow=1&safe=strict&tbs=cdr:1,cd_min:03/14/2019,cd_max:03/15/2019,sbd:1&tbm=nws&source=lnt&sa=X&ved=0ahUKEwiv24LZr5ziAhWBErwKHSo4ATYQpwUIHQ&biw=1163&bih=560&dpr=1.65
https://www.google.com.hk/search?q=%E8%8D%AF%E6%98%8E%E5%BA%B7%E5%BE%B7&newwindow=1&safe=strict&tbs=cdr:1,cd_min:03/15/2019,cd_max:03/16/2019,sbd:1&tbm=nws&source=lnt&sa=X&ved=0ahUKEwiv24LZr5ziAhWBErwKHSo4ATYQpwUIHQ&biw=1163&bih=560&dpr=1.65
https://www.google.com.hk/search?q=%E8%8D%AF%E6%98%8E%E5%BA%B7%E5%BE%B7&newwindow=1&safe=strict&tbs=cdr:1,cd_min:03/16/2019,cd_max:03/17/2019,sbd:1&tbm=nws&source=lnt&sa=X&ved=0ahUKEwiv24LZr5ziAhWBErwKHSo4ATYQpwUIHQ&biw=1163&bih=560&dpr=1.65
https://www.google.com.hk/search?q=%E8%8D%AF%E6%98%8E%E5%BA%B7%E5%BE%B7&newwindow=1&safe=strict&tbs=cdr:1,cd_min:03/17/2019,cd_max:03/18/2019,sbd:1&tbm=nws&source=lnt&sa=X&ved=0ahUKEwiv24LZr5ziAhWBErwKHSo4ATYQpwUIHQ&biw=1163&bih=560&dpr=1.65
https://www.google.com.hk/search?q=%E8%8D%AF%E6%98%8E%E5%BA%B7%E5%BE%B7&newwindow=1&safe=strict&tbs=cdr:1,cd_min:03/18/2019,cd_max:03/19/2019,sbd:1&tbm=nws&source=lnt&sa=X&ved=0ahUKEwiv24LZr5ziAhWBErwKHSo4ATYQpwUIHQ&biw=1163&bih=560&dpr=1.65
https://www.google.com.hk/search?q=%E8%8D%AF%E6%98%8E%E5%BA%B7%E5%BE%B7&newwindow=1&safe=strict&tbs=cdr:1,cd_min:03/19/2019,cd_max:03/20/2019,sbd:1&tbm=nws&source=lnt&sa=X&ved=0ahUKEwiv24LZr5ziAhWBErwKHSo4ATYQpwUIHQ&biw=1163&bih=560&dpr=1.65
https://www.google.com.hk/search?q=%E8%8D%AF%E6%98%8E%E5%BA%B7%E5%BE%B7&newwindow=1&safe=strict&tbs=cdr:1,cd_min:03/20/2019,cd_max:03/21/2019,sbd:1&tbm=nws&source=lnt&sa=X&ved=0ahUKEwiv24LZr5ziAhWBErwKHSo4ATYQpwUIHQ&biw=1163&bih=560&dpr=1.65
https://www.google.com.hk/search?q=%E8%8D%AF%E6%98%8E%E5%BA%B7%E5%BE%B7&newwindow=1&safe=strict&tbs=cdr:1,cd_min:03/21/2019,cd_max:03/22/2019,sbd:1&tbm=nws&source=lnt&sa=X&ved=0ahUKEwiv24LZr5ziAhWBErwKHSo4ATYQpwUIHQ&biw=1163&bih=560&dpr=1.65
https://www.google.com.hk/search?q=%E8%8D%AF%E6%98%8E%E5%BA%B7%E5%BE%B7&newwindow=1&safe=strict&tbs=cdr:1,cd_min:03/22/2019,cd_max:03/23/2019,sbd:1&tbm=nws&source=lnt&sa=X&ved=0ahUKEwiv24LZr5ziAhWBErwKHSo4ATYQpwUIHQ&biw=1163&bih=560&dpr=1.65
https://www.google.com.hk/search?q=%E8%8D%AF%E6%98%8E%E5%BA%B7%E5%BE%B7&newwindow=1&safe=strict&tbs=cdr:1,cd_min:03/23/2019,cd_max:03/24/2019,sbd:1&tbm=nws&source=lnt&sa=X&ved=0ahUKEwiv24LZr5ziAhWBErwKHSo4ATYQpwUIHQ&biw=1163&bih=560&dpr=1.65
https://www.google.com.hk/search?q=%E8%8D%AF%E6%98%8E%E5%BA%B7%E5%BE%B7&newwindow=1&safe=strict&tbs=cdr:1,cd_min:03/24/2019,cd_max:03/25/2019,sbd:1&tbm=nws&source=lnt&sa=X&ved=0ahUKEwiv24LZr5ziAhWBErwKHSo4ATYQpwUIHQ&biw=1163&bih=560&dpr=1.65
https://www.google.com.hk/search?q=%E8%8D%AF%E6%98%8E%E5%BA%B7%E5%BE%B7&newwindow=1&safe=strict&tbs=cdr:1,cd_min:03/25/2019,cd_max:03/26/2019,sbd:1&tbm=nws&source=lnt&sa=X&ved=0ahUKEwiv24LZr5ziAhWBErwKHSo4ATYQpwUIHQ&biw=1163&bih=560&dpr=1.65
https://www.google.com.hk/search?q=%E8%8D%AF%E6%98%8E%E5%BA%B7%E5%BE%B7&newwindow=1&safe=strict&tbs=cdr:1,cd_min:03/26/2019,cd_max:03/27/2019,sbd:1&tbm=nws&source=lnt&sa=X&ved=0ahUKEwiv24LZr5ziAhWBErwKHSo4ATYQpwUIHQ&biw=1163&bih=560&dpr=1.65
https://www.google.com.hk/search?q=%E8%8D%AF%E6%98%8E%E5%BA%B7%E5%BE%B7&newwindow=1&safe=strict&tbs=cdr:1,cd_min:03/27/2019,cd_max:03/28/2019,sbd:1&tbm=nws&source=lnt&sa=X&ved=0ahUKEwiv24LZr5ziAhWBErwKHSo4ATYQpwUIHQ&biw=1163&bih=560&dpr=1.65
https://www.google.com.hk/search?q=%E8%8D%AF%E6%98%8E%E5%BA%B7%E5%BE%B7&newwindow=1&safe=strict&tbs=cdr:1,cd_min:03/28/2019,cd_max:03/29/2019,sbd:1&tbm=nws&source=lnt&sa=X&ved=0ahUKEwiv24LZr5ziAhWBErwKHSo4ATYQpwUIHQ&biw=1163&bih=560&dpr=1.65
