https://www.google.com.hk/search?q=%E7%A6%8F%E8%8E%B1%E7%89%B9%E7%8E%BB%E7%92%83&newwindow=1&safe=strict&tbs=cdr:1,cd_min:02/15/2019,cd_max:02/16/2019,sbd:1&tbm=nws&source=lnt&sa=X&ved=0ahUKEwiv24LZr5ziAhWBErwKHSo4ATYQpwUIHQ&biw=1163&bih=560&dpr=1.65
https://www.google.com.hk/search?q=%E7%A6%8F%E8%8E%B1%E7%89%B9%E7%8E%BB%E7%92%83&newwindow=1&safe=strict&tbs=cdr:1,cd_min:02/16/2019,cd_max:02/17/2019,sbd:1&tbm=nws&source=lnt&sa=X&ved=0ahUKEwiv24LZr5ziAhWBErwKHSo4ATYQpwUIHQ&biw=1163&bih=560&dpr=1.65
https://www.google.com.hk/search?q=%E7%A6%8F%E8%8E%B1%E7%89%B9%E7%8E%BB%E7%92%83&newwindow=1&safe=strict&tbs=cdr:1,cd_min:02/17/2019,cd_max:02/18/2019,sbd:1&tbm=nws&source=lnt&sa=X&ved=0ahUKEwiv24LZr5ziAhWBErwKHSo4ATYQpwUIHQ&biw=1163&bih=560&dpr=1.65
https://www.google.com.hk/search?q=%E7%A6%8F%E8%8E%B1%E7%89%B9%E7%8E%BB%E7%92%83&newwindow=1&safe=strict&tbs=cdr:1,cd_min:02/18/2019,cd_max:02/19/2019,sbd:1&tbm=nws&source=lnt&sa=X&ved=0ahUKEwiv24LZr5ziAhWBErwKHSo4ATYQpwUIHQ&biw=1163&bih=560&dpr=1.65
https://www.google.com.hk/search?q=%E7%A6%8F%E8%8E%B1%E7%89%B9%E7%8E%BB%E7%92%83&newwindow=1&safe=strict&tbs=cdr:1,cd_min:02/19/2019,cd_max:02/20/2019,sbd:1&tbm=nws&source=lnt&sa=X&ved=0ahUKEwiv24LZr5ziAhWBErwKHSo4ATYQpwUIHQ&biw=1163&bih=560&dpr=1.65
https://www.google.com.hk/search?q=%E7%A6%8F%E8%8E%B1%E7%89%B9%E7%8E%BB%E7%92%83&newwindow=1&safe=strict&tbs=cdr:1,cd_min:02/20/2019,cd_max:02/21/2019,sbd:1&tbm=nws&source=lnt&sa=X&ved=0ahUKEwiv24LZr5ziAhWBErwKHSo4ATYQpwUIHQ&biw=1163&bih=560&dpr=1.65
https://www.google.com.hk/search?q=%E7%A6%8F%E8%8E%B1%E7%89%B9%E7%8E%BB%E7%92%83&newwindow=1&safe=strict&tbs=cdr:1,cd_min:02/21/2019,cd_max:02/22/2019,sbd:1&tbm=nws&source=lnt&sa=X&ved=0ahUKEwiv24LZr5ziAhWBErwKHSo4ATYQpwUIHQ&biw=1163&bih=560&dpr=1.65
https://www.google.com.hk/search?q=%E7%A6%8F%E8%8E%B1%E7%89%B9%E7%8E%BB%E7%92%83&newwindow=1&safe=strict&tbs=cdr:1,cd_min:02/22/2019,cd_max:02/23/2019,sbd:1&tbm=nws&source=lnt&sa=X&ved=0ahUKEwiv24LZr5ziAhWBErwKHSo4ATYQpwUIHQ&biw=1163&bih=560&dpr=1.65
https://www.google.com.hk/search?q=%E7%A6%8F%E8%8E%B1%E7%89%B9%E7%8E%BB%E7%92%83&newwindow=1&safe=strict&tbs=cdr:1,cd_min:02/23/2019,cd_max:02/24/2019,sbd:1&tbm=nws&source=lnt&sa=X&ved=0ahUKEwiv24LZr5ziAhWBErwKHSo4ATYQpwUIHQ&biw=1163&bih=560&dpr=1.65
https://www.google.com.hk/search?q=%E7%A6%8F%E8%8E%B1%E7%89%B9%E7%8E%BB%E7%92%83&newwindow=1&safe=strict&tbs=cdr:1,cd_min:02/24/2019,cd_max:02/25/2019,sbd:1&tbm=nws&source=lnt&sa=X&ved=0ahUKEwiv24LZr5ziAhWBErwKHSo4ATYQpwUIHQ&biw=1163&bih=560&dpr=1.65
https://www.google.com.hk/search?q=%E7%A6%8F%E8%8E%B1%E7%89%B9%E7%8E%BB%E7%92%83&newwindow=1&safe=strict&tbs=cdr:1,cd_min:02/25/2019,cd_max:02/26/2019,sbd:1&tbm=nws&source=lnt&sa=X&ved=0ahUKEwiv24LZr5ziAhWBErwKHSo4ATYQpwUIHQ&biw=1163&bih=560&dpr=1.65
https://www.google.com.hk/search?q=%E7%A6%8F%E8%8E%B1%E7%89%B9%E7%8E%BB%E7%92%83&newwindow=1&safe=strict&tbs=cdr:1,cd_min:02/26/2019,cd_max:02/27/2019,sbd:1&tbm=nws&source=lnt&sa=X&ved=0ahUKEwiv24LZr5ziAhWBErwKHSo4ATYQpwUIHQ&biw=1163&bih=560&dpr=1.65
https://www.google.com.hk/search?q=%E7%A6%8F%E8%8E%B1%E7%89%B9%E7%8E%BB%E7%92%83&newwindow=1&safe=strict&tbs=cdr:1,cd_min:02/27/2019,cd_max:02/28/2019,sbd:1&tbm=nws&source=lnt&sa=X&ved=0ahUKEwiv24LZr5ziAhWBErwKHSo4ATYQpwUIHQ&biw=1163&bih=560&dpr=1.65
https://www.google.com.hk/search?q=%E7%A6%8F%E8%8E%B1%E7%89%B9%E7%8E%BB%E7%92%83&newwindow=1&safe=strict&tbs=cdr:1,cd_min:02/28/2019,cd_max:03/01/2019,sbd:1&tbm=nws&source=lnt&sa=X&ved=0ahUKEwiv24LZr5ziAhWBErwKHSo4ATYQpwUIHQ&biw=1163&bih=560&dpr=1.65
https://www.google.com.hk/search?q=%E7%A6%8F%E8%8E%B1%E7%89%B9%E7%8E%BB%E7%92%83&newwindow=1&safe=strict&tbs=cdr:1,cd_min:03/01/2019,cd_max:03/02/2019,sbd:1&tbm=nws&source=lnt&sa=X&ved=0ahUKEwiv24LZr5ziAhWBErwKHSo4ATYQpwUIHQ&biw=1163&bih=560&dpr=1.65
https://www.google.com.hk/search?q=%E7%A6%8F%E8%8E%B1%E7%89%B9%E7%8E%BB%E7%92%83&newwindow=1&safe=strict&tbs=cdr:1,cd_min:03/02/2019,cd_max:03/03/2019,sbd:1&tbm=nws&source=lnt&sa=X&ved=0ahUKEwiv24LZr5ziAhWBErwKHSo4ATYQpwUIHQ&biw=1163&bih=560&dpr=1.65
https://www.google.com.hk/search?q=%E7%A6%8F%E8%8E%B1%E7%89%B9%E7%8E%BB%E7%92%83&newwindow=1&safe=strict&tbs=cdr:1,cd_min:03/03/2019,cd_max:03/04/2019,sbd:1&tbm=nws&source=lnt&sa=X&ved=0ahUKEwiv24LZr5ziAhWBErwKHSo4ATYQpwUIHQ&biw=1163&bih=560&dpr=1.65
https://www.google.com.hk/search?q=%E7%A6%8F%E8%8E%B1%E7%89%B9%E7%8E%BB%E7%92%83&newwindow=1&safe=strict&tbs=cdr:1,cd_min:03/04/2019,cd_max:03/05/2019,sbd:1&tbm=nws&source=lnt&sa=X&ved=0ahUKEwiv24LZr5ziAhWBErwKHSo4ATYQpwUIHQ&biw=1163&bih=560&dpr=1.65
https://www.google.com.hk/search?q=%E7%A6%8F%E8%8E%B1%E7%89%B9%E7%8E%BB%E7%92%83&newwindow=1&safe=strict&tbs=cdr:1,cd_min:03/05/2019,cd_max:03/06/2019,sbd:1&tbm=nws&source=lnt&sa=X&ved=0ahUKEwiv24LZr5ziAhWBErwKHSo4ATYQpwUIHQ&biw=1163&bih=560&dpr=1.65
https://www.google.com.hk/search?q=%E7%A6%8F%E8%8E%B1%E7%89%B9%E7%8E%BB%E7%92%83&newwindow=1&safe=strict&tbs=cdr:1,cd_min:03/06/2019,cd_max:03/07/2019,sbd:1&tbm=nws&source=lnt&sa=X&ved=0ahUKEwiv24LZr5ziAhWBErwKHSo4ATYQpwUIHQ&biw=1163&bih=560&dpr=1.65
https://www.google.com.hk/search?q=%E7%A6%8F%E8%8E%B1%E7%89%B9%E7%8E%BB%E7%92%83&newwindow=1&safe=strict&tbs=cdr:1,cd_min:03/07/2019,cd_max:03/08/2019,sbd:1&tbm=nws&source=lnt&sa=X&ved=0ahUKEwiv24LZr5ziAhWBErwKHSo4ATYQpwUIHQ&biw=1163&bih=560&dpr=1.65
https://www.google.com.hk/search?q=%E7%A6%8F%E8%8E%B1%E7%89%B9%E7%8E%BB%E7%92%83&newwindow=1&safe=strict&tbs=cdr:1,cd_min:03/08/2019,cd_max:03/09/2019,sbd:1&tbm=nws&source=lnt&sa=X&ved=0ahUKEwiv24LZr5ziAhWBErwKHSo4ATYQpwUIHQ&biw=1163&bih=560&dpr=1.65
https://www.google.com.hk/search?q=%E7%A6%8F%E8%8E%B1%E7%89%B9%E7%8E%BB%E7%92%83&newwindow=1&safe=strict&tbs=cdr:1,cd_min:03/09/2019,cd_max:03/10/2019,sbd:1&tbm=nws&source=lnt&sa=X&ved=0ahUKEwiv24LZr5ziAhWBErwKHSo4ATYQpwUIHQ&biw=1163&bih=560&dpr=1.65
https://www.google.com.hk/search?q=%E7%A6%8F%E8%8E%B1%E7%89%B9%E7%8E%BB%E7%92%83&newwindow=1&safe=strict&tbs=cdr:1,cd_min:03/10/2019,cd_max:03/11/2019,sbd:1&tbm=nws&source=lnt&sa=X&ved=0ahUKEwiv24LZr5ziAhWBErwKHSo4ATYQpwUIHQ&biw=1163&bih=560&dpr=1.65
https://www.google.com.hk/search?q=%E7%A6%8F%E8%8E%B1%E7%89%B9%E7%8E%BB%E7%92%83&newwindow=1&safe=strict&tbs=cdr:1,cd_min:03/11/2019,cd_max:03/12/2019,sbd:1&tbm=nws&source=lnt&sa=X&ved=0ahUKEwiv24LZr5ziAhWBErwKHSo4ATYQpwUIHQ&biw=1163&bih=560&dpr=1.65
https://www.google.com.hk/search?q=%E7%A6%8F%E8%8E%B1%E7%89%B9%E7%8E%BB%E7%92%83&newwindow=1&safe=strict&tbs=cdr:1,cd_min:03/12/2019,cd_max:03/13/2019,sbd:1&tbm=nws&source=lnt&sa=X&ved=0ahUKEwiv24LZr5ziAhWBErwKHSo4ATYQpwUIHQ&biw=1163&bih=560&dpr=1.65
https://www.google.com.hk/search?q=%E7%A6%8F%E8%8E%B1%E7%89%B9%E7%8E%BB%E7%92%83&newwindow=1&safe=strict&tbs=cdr:1,cd_min:03/13/2019,cd_max:03/14/2019,sbd:1&tbm=nws&source=lnt&sa=X&ved=0ahUKEwiv24LZr5ziAhWBErwKHSo4ATYQpwUIHQ&biw=1163&bih=560&dpr=1.65
https://www.google.com.hk/search?q=%E7%A6%8F%E8%8E%B1%E7%89%B9%E7%8E%BB%E7%92%83&newwindow=1&safe=strict&tbs=cdr:1,cd_min:03/14/2019,cd_max:03/15/2019,sbd:1&tbm=nws&source=lnt&sa=X&ved=0ahUKEwiv24LZr5ziAhWBErwKHSo4ATYQpwUIHQ&biw=1163&bih=560&dpr=1.65
https://www.google.com.hk/search?q=%E7%A6%8F%E8%8E%B1%E7%89%B9%E7%8E%BB%E7%92%83&newwindow=1&safe=strict&tbs=cdr:1,cd_min:03/15/2019,cd_max:03/16/2019,sbd:1&tbm=nws&source=lnt&sa=X&ved=0ahUKEwiv24LZr5ziAhWBErwKHSo4ATYQpwUIHQ&biw=1163&bih=560&dpr=1.65
https://www.google.com.hk/search?q=%E7%A6%8F%E8%8E%B1%E7%89%B9%E7%8E%BB%E7%92%83&newwindow=1&safe=strict&tbs=cdr:1,cd_min:03/16/2019,cd_max:03/17/2019,sbd:1&tbm=nws&source=lnt&sa=X&ved=0ahUKEwiv24LZr5ziAhWBErwKHSo4ATYQpwUIHQ&biw=1163&bih=560&dpr=1.65
https://www.google.com.hk/search?q=%E7%A6%8F%E8%8E%B1%E7%89%B9%E7%8E%BB%E7%92%83&newwindow=1&safe=strict&tbs=cdr:1,cd_min:03/17/2019,cd_max:03/18/2019,sbd:1&tbm=nws&source=lnt&sa=X&ved=0ahUKEwiv24LZr5ziAhWBErwKHSo4ATYQpwUIHQ&biw=1163&bih=560&dpr=1.65
https://www.google.com.hk/search?q=%E7%A6%8F%E8%8E%B1%E7%89%B9%E7%8E%BB%E7%92%83&newwindow=1&safe=strict&tbs=cdr:1,cd_min:03/18/2019,cd_max:03/19/2019,sbd:1&tbm=nws&source=lnt&sa=X&ved=0ahUKEwiv24LZr5ziAhWBErwKHSo4ATYQpwUIHQ&biw=1163&bih=560&dpr=1.65
https://www.google.com.hk/search?q=%E7%A6%8F%E8%8E%B1%E7%89%B9%E7%8E%BB%E7%92%83&newwindow=1&safe=strict&tbs=cdr:1,cd_min:03/19/2019,cd_max:03/20/2019,sbd:1&tbm=nws&source=lnt&sa=X&ved=0ahUKEwiv24LZr5ziAhWBErwKHSo4ATYQpwUIHQ&biw=1163&bih=560&dpr=1.65
https://www.google.com.hk/search?q=%E7%A6%8F%E8%8E%B1%E7%89%B9%E7%8E%BB%E7%92%83&newwindow=1&safe=strict&tbs=cdr:1,cd_min:03/20/2019,cd_max:03/21/2019,sbd:1&tbm=nws&source=lnt&sa=X&ved=0ahUKEwiv24LZr5ziAhWBErwKHSo4ATYQpwUIHQ&biw=1163&bih=560&dpr=1.65
https://www.google.com.hk/search?q=%E7%A6%8F%E8%8E%B1%E7%89%B9%E7%8E%BB%E7%92%83&newwindow=1&safe=strict&tbs=cdr:1,cd_min:03/21/2019,cd_max:03/22/2019,sbd:1&tbm=nws&source=lnt&sa=X&ved=0ahUKEwiv24LZr5ziAhWBErwKHSo4ATYQpwUIHQ&biw=1163&bih=560&dpr=1.65
https://www.google.com.hk/search?q=%E7%A6%8F%E8%8E%B1%E7%89%B9%E7%8E%BB%E7%92%83&newwindow=1&safe=strict&tbs=cdr:1,cd_min:03/22/2019,cd_max:03/23/2019,sbd:1&tbm=nws&source=lnt&sa=X&ved=0ahUKEwiv24LZr5ziAhWBErwKHSo4ATYQpwUIHQ&biw=1163&bih=560&dpr=1.65
https://www.google.com.hk/search?q=%E7%A6%8F%E8%8E%B1%E7%89%B9%E7%8E%BB%E7%92%83&newwindow=1&safe=strict&tbs=cdr:1,cd_min:03/23/2019,cd_max:03/24/2019,sbd:1&tbm=nws&source=lnt&sa=X&ved=0ahUKEwiv24LZr5ziAhWBErwKHSo4ATYQpwUIHQ&biw=1163&bih=560&dpr=1.65
https://www.google.com.hk/search?q=%E7%A6%8F%E8%8E%B1%E7%89%B9%E7%8E%BB%E7%92%83&newwindow=1&safe=strict&tbs=cdr:1,cd_min:03/24/2019,cd_max:03/25/2019,sbd:1&tbm=nws&source=lnt&sa=X&ved=0ahUKEwiv24LZr5ziAhWBErwKHSo4ATYQpwUIHQ&biw=1163&bih=560&dpr=1.65
https://www.google.com.hk/search?q=%E7%A6%8F%E8%8E%B1%E7%89%B9%E7%8E%BB%E7%92%83&newwindow=1&safe=strict&tbs=cdr:1,cd_min:03/25/2019,cd_max:03/26/2019,sbd:1&tbm=nws&source=lnt&sa=X&ved=0ahUKEwiv24LZr5ziAhWBErwKHSo4ATYQpwUIHQ&biw=1163&bih=560&dpr=1.65
https://www.google.com.hk/search?q=%E7%A6%8F%E8%8E%B1%E7%89%B9%E7%8E%BB%E7%92%83&newwindow=1&safe=strict&tbs=cdr:1,cd_min:03/26/2019,cd_max:03/27/2019,sbd:1&tbm=nws&source=lnt&sa=X&ved=0ahUKEwiv24LZr5ziAhWBErwKHSo4ATYQpwUIHQ&biw=1163&bih=560&dpr=1.65
https://www.google.com.hk/search?q=%E7%A6%8F%E8%8E%B1%E7%89%B9%E7%8E%BB%E7%92%83&newwindow=1&safe=strict&tbs=cdr:1,cd_min:03/27/2019,cd_max:03/28/2019,sbd:1&tbm=nws&source=lnt&sa=X&ved=0ahUKEwiv24LZr5ziAhWBErwKHSo4ATYQpwUIHQ&biw=1163&bih=560&dpr=1.65
https://www.google.com.hk/search?q=%E7%A6%8F%E8%8E%B1%E7%89%B9%E7%8E%BB%E7%92%83&newwindow=1&safe=strict&tbs=cdr:1,cd_min:03/28/2019,cd_max:03/29/2019,sbd:1&tbm=nws&source=lnt&sa=X&ved=0ahUKEwiv24LZr5ziAhWBErwKHSo4ATYQpwUIHQ&biw=1163&bih=560&dpr=1.65
